FullName,CreationTime,LastWriteTime
C:\Users\patri\Documents\silentstacks\archive\silentstacks\styles.css,7/30/2025 1:19:40 AM,7/29/2025 9:20:45 PM
C:\Users\patri\Documents\silentstacks\archive\silentstacks\README.md,7/30/2025 1:19:40 AM,7/29/2025 9:20:45 PM
C:\Users\patri\Documents\silentstacks\archive\silentstacks\script.js,7/30/2025 1:19:40 AM,7/29/2025 9:20:45 PM
C:\Users\patri\Documents\silentstacks\silentstacks_v2\index.html,7/30/2025 1:23:38 AM,7/29/2025 9:33:44 PM
C:\Users\patri\Desktop\SilentStacksHistory\SilentStacks_Final(1)\README.md,7/28/2025 5:50:04 PM,7/28/2025 1:50:56 PM
C:\Users\patri\Desktop\SilentStacksHistory\SilentStacks_Final(1)\CHANGELOG.md,7/28/2025 5:50:04 PM,7/28/2025 1:50:56 PM
C:\Users\patri\Desktop\SilentStacksHistory\SilentStacks_Final(1)\index.html,7/28/2025 5:50:04 PM,7/28/2025 1:50:56 PM
C:\Users\patri\Desktop\SilentStacksHistory\SilentStacks_Final(1)\LICENSE.txt,7/28/2025 5:50:04 PM,7/28/2025 1:50:56 PM
C:\Users\patri\Desktop\SilentStacksHistory\SilentStacks_Final(1)\QuickStart_Guide.pdf,7/28/2025 5:27:28 PM,7/28/2025 1:50:56 PM
C:\Users\patri\Desktop\SilentStacksHistory\SilentStacks_Final(1)\README.html,7/28/2025 5:50:04 PM,7/28/2025 1:50:56 PM
C:\Users\patri\Desktop\SilentStacksHistory\SilentStacks_Final(1)\Upkeep_Guide.pdf,7/28/2025 5:27:28 PM,7/28/2025 1:50:56 PM
C:\Users\patri\Desktop\SilentStacksHistory\SilentStacks_Final(1)\docs\demo-data.json,7/28/2025 5:50:04 PM,7/28/2025 1:50:56 PM
C:\Users\patri\Desktop\SilentStacksHistory\SilentStacks_Final(1)\docs\qr-code.png,7/28/2025 5:50:04 PM,7/28/2025 1:50:56 PM
C:\Users\patri\Desktop\SilentStacksHistory\SilentStacks_Production\assets\css\style.css,8/29/2025 10:28:49 AM,7/28/2025 5:03:14 PM
C:\Users\patri\Desktop\SilentStacksHistory\SilentStacks_Production\assets\js\app.js,8/29/2025 10:28:49 AM,7/28/2025 5:03:14 PM
C:\Users\patri\Desktop\SilentStacksHistory\SilentStacks_Production\documentation\Developer-Docs.html,8/29/2025 10:28:49 AM,7/28/2025 5:03:14 PM
C:\Users\patri\Desktop\SilentStacksHistory\SilentStacks_Production\documentation\Quick-Start.html,8/29/2025 10:28:49 AM,7/28/2025 5:03:14 PM
C:\Users\patri\Desktop\SilentStacksHistory\SilentStacks_Production\documentation\README.html,8/29/2025 10:28:49 AM,7/28/2025 5:03:14 PM
C:\Users\patri\Desktop\SilentStacksHistory\SilentStacks_Production\documentation\Upkeep-Guide.html,8/29/2025 10:28:49 AM,7/28/2025 5:03:14 PM
C:\Users\patri\Desktop\SilentStacksHistory\SilentStacks_Production\index.html,8/29/2025 10:28:49 AM,7/28/2025 5:03:14 PM
C:\Users\patri\Desktop\SilentStacksHistory\SilentStacks_Production\logo\silentstacks-favicon.ico,8/29/2025 10:28:49 AM,7/28/2025 5:03:14 PM
C:\Users\patri\Desktop\SilentStacksHistory\SilentStacks_Production\logo\silentstacks-logo.svg,8/29/2025 10:28:49 AM,7/28/2025 5:03:14 PM
C:\Users\patri\Desktop\SilentStacksHistory\app2.js,7/31/2025 11:43:06 AM,7/31/2025 11:43:06 AM
C:\Users\patri\Desktop\SilentStacksHistory\app2 - Copy.js,8/12/2025 8:50:47 PM,7/31/2025 11:43:06 AM
C:\Users\patri\Desktop\SilentStacksHistory\index-2.html,7/31/2025 11:42:32 AM,7/31/2025 11:43:36 AM
C:\Users\patri\Desktop\SilentStacksHistory\index-2 - Copy.html,8/12/2025 8:50:46 PM,7/31/2025 11:43:36 AM
C:\Users\patri\Desktop\SilentStacksHistory\style2 - Copy.css,8/12/2025 8:50:47 PM,7/31/2025 11:42:51 AM
C:\Users\patri\Desktop\SilentStacksHistory\changelog.md,7/30/2025 5:24:03 PM,7/31/2025 7:47:07 PM
C:\Users\patri\Desktop\SilentStacksHistory\script.js,7/31/2025 8:35:43 AM,7/31/2025 8:50:32 AM
C:\Users\patri\Desktop\SilentStacksHistory\silentstacks\index.html,7/30/2025 1:19:40 AM,7/31/2025 8:33:42 AM
C:\Users\patri\Documents\silentstacks\silentstacks_v2\script.js,7/30/2025 1:23:38 AM,7/31/2025 8:34:12 AM
C:\Users\patri\Documents\silentstacks\silentstacks_v2\styles.css,7/30/2025 1:23:38 AM,7/31/2025 8:34:34 AM
C:\Users\patri\Desktop\SilentStacksHistory\app - Copy.js,8/12/2025 8:49:18 PM,8/1/2025 3:00:37 AM
C:\Users\patri\Desktop\SilentStacksHistory\app - Copy - Copy.js,8/12/2025 8:49:45 PM,8/1/2025 3:00:37 AM
C:\Users\patri\Desktop\SilentStacksHistory\app.js,7/30/2025 2:20:18 PM,8/1/2025 3:00:37 AM
C:\Users\patri\Desktop\SilentStacksHistory\offline-manager.js,8/1/2025 3:02:13 AM,8/1/2025 3:02:25 AM
C:\Users\patri\Desktop\SilentStacksHistory\index - Copy.html,8/12/2025 8:49:45 PM,8/1/2025 6:22:04 AM
C:\Users\patri\Desktop\SilentStacksHistory\index.html,7/30/2025 2:18:57 PM,8/1/2025 6:22:04 AM
C:\Users\patri\Desktop\SilentStacksHistory\monolith-project - Copy\SilentStacksTest-main\changelog.md,8/1/2025 10:25:04 AM,8/1/2025 1:30:32 PM
C:\Users\patri\Desktop\SilentStacksHistory\monolith-project - Copy\SilentStacksTest-main\CLAUDE.md,8/1/2025 10:25:04 AM,8/1/2025 1:30:32 PM
C:\Users\patri\Desktop\SilentStacksHistory\monolith-project - Copy\SilentStacksTest-main\implementation-guide.md,8/1/2025 10:25:04 AM,8/1/2025 1:30:32 PM
C:\Users\patri\Desktop\SilentStacksHistory\monolith-project - Copy\SilentStacksTest-main\index.html,8/1/2025 10:25:04 AM,8/1/2025 1:30:32 PM
C:\Users\patri\Desktop\SilentStacksHistory\monolith-project - Copy\SilentStacksTest-main\LICENSE,8/1/2025 10:25:04 AM,8/1/2025 1:30:32 PM
C:\Users\patri\Desktop\SilentStacksHistory\monolith-project - Copy\SilentStacksTest-main\README.md,8/1/2025 10:25:04 AM,8/1/2025 1:30:32 PM
C:\Users\patri\Desktop\SilentStacksHistory\monolith-project - Copy\SilentStacksTest-main\resume.txt,8/1/2025 10:25:04 AM,8/1/2025 1:30:32 PM
C:\Users\patri\Desktop\SilentStacksHistory\monolith-project - Copy\SilentStacksTest-main\resume2.md,8/1/2025 10:25:04 AM,8/1/2025 1:30:32 PM
C:\Users\patri\Desktop\SilentStacksHistory\monolith-project - Copy\SilentStacksTest-main\testing-checklist.md,8/1/2025 10:25:04 AM,8/1/2025 1:30:32 PM
C:\Users\patri\Desktop\SilentStacksHistory\monolith-project - Copy\SilentStacksTest-main\assets\css\style.css,8/1/2025 10:25:04 AM,8/1/2025 1:30:32 PM
C:\Users\patri\Desktop\SilentStacksHistory\monolith-project - Copy\SilentStacksTest-main\assets\css\modules\accessibility.css,8/1/2025 10:25:04 AM,8/1/2025 1:30:32 PM
C:\Users\patri\Desktop\SilentStacksHistory\monolith-project - Copy\SilentStacksTest-main\assets\css\modules\design-tokens.css,8/1/2025 10:25:04 AM,8/1/2025 1:30:32 PM
C:\Users\patri\Desktop\SilentStacksHistory\monolith-project - Copy\SilentStacksTest-main\assets\css\modules\grid.css,8/1/2025 10:25:04 AM,8/1/2025 1:30:32 PM
C:\Users\patri\Desktop\SilentStacksHistory\monolith-project - Copy\SilentStacksTest-main\assets\css\modules\navigation.css,8/1/2025 10:25:04 AM,8/1/2025 1:30:32 PM
C:\Users\patri\Desktop\SilentStacksHistory\monolith-project - Copy\SilentStacksTest-main\assets\css\modules\reset.css,8/1/2025 10:25:04 AM,8/1/2025 1:30:32 PM
C:\Users\patri\Desktop\SilentStacksHistory\monolith-project - Copy\SilentStacksTest-main\assets\css\modules\responsive.css,8/1/2025 10:25:04 AM,8/1/2025 1:30:32 PM
C:\Users\patri\Desktop\SilentStacksHistory\monolith-project - Copy\SilentStacksTest-main\assets\css\modules\typography.css,8/1/2025 10:25:04 AM,8/1/2025 1:30:32 PM
C:\Users\patri\Desktop\SilentStacksHistory\monolith-project - Copy\SilentStacksTest-main\assets\js\app.js,8/1/2025 10:25:04 AM,8/1/2025 1:30:32 PM
C:\Users\patri\Desktop\SilentStacksHistory\monolith-project - Copy\SilentStacksTest-main\assets\js\offline-manager.js,8/1/2025 10:25:04 AM,8/1/2025 1:30:32 PM
C:\Users\patri\Desktop\SilentStacksHistory\monolith-project - Copy\SilentStacksTest-main\assets\js\modules\api-integration.js,8/1/2025 10:25:04 AM,8/1/2025 1:30:32 PM
C:\Users\patri\Desktop\SilentStacksHistory\monolith-project - Copy\SilentStacksTest-main\assets\js\modules\bulk-operations.js,8/1/2025 10:25:04 AM,8/1/2025 1:30:32 PM
C:\Users\patri\Desktop\SilentStacksHistory\monolith-project - Copy\SilentStacksTest-main\assets\js\modules\data-manager.js,8/1/2025 10:25:04 AM,8/1/2025 1:30:32 PM
C:\Users\patri\Desktop\SilentStacksHistory\monolith-project - Copy\SilentStacksTest-main\assets\js\modules\medical-features.js,8/1/2025 10:25:04 AM,8/1/2025 1:30:32 PM
C:\Users\patri\Desktop\SilentStacksHistory\monolith-project - Copy\SilentStacksTest-main\assets\js\modules\request-manager.js,8/1/2025 10:25:04 AM,8/1/2025 1:30:32 PM
C:\Users\patri\Desktop\SilentStacksHistory\monolith-project - Copy\SilentStacksTest-main\assets\js\modules\search-filter.js,8/1/2025 10:25:04 AM,8/1/2025 1:30:32 PM
C:\Users\patri\Desktop\SilentStacksHistory\monolith-project - Copy\SilentStacksTest-main\assets\js\modules\theme-manager.js,8/1/2025 10:25:04 AM,8/1/2025 1:30:32 PM
C:\Users\patri\Desktop\SilentStacksHistory\monolith-project - Copy\SilentStacksTest-main\assets\js\modules\ui-controller.js,8/1/2025 10:25:04 AM,8/1/2025 1:30:32 PM
C:\Users\patri\Documents\silentstacks\SilentStacksTest-main(1)\SilentStacksTest-main\changelog.md,8/2/2025 5:36:28 AM,8/2/2025 8:37:24 AM
C:\Users\patri\Documents\silentstacks\SilentStacksTest-main(1)\SilentStacksTest-main\index.html,8/2/2025 5:36:28 AM,8/2/2025 8:37:24 AM
C:\Users\patri\Documents\silentstacks\SilentStacksTest-main(1)\SilentStacksTest-main\LICENSE,8/2/2025 5:36:28 AM,8/2/2025 8:37:24 AM
C:\Users\patri\Documents\silentstacks\SilentStacksTest-main(1)\SilentStacksTest-main\README.md,8/2/2025 5:36:28 AM,8/2/2025 8:37:24 AM
C:\Users\patri\Documents\silentstacks\SilentStacksTest-main(1)\SilentStacksTest-main\resume.txt,8/2/2025 5:36:28 AM,8/2/2025 8:37:24 AM
C:\Users\patri\Documents\silentstacks\SilentStacksTest-main(1)\SilentStacksTest-main\resume2.md,8/2/2025 5:36:28 AM,8/2/2025 8:37:24 AM
C:\Users\patri\Documents\silentstacks\SilentStacksTest-main(1)\SilentStacksTest-main\testing-checklist.md,8/2/2025 5:36:28 AM,8/2/2025 8:37:24 AM
C:\Users\patri\Documents\silentstacks\SilentStacksTest-main(1)\SilentStacksTest-main\assets\css\style.css,8/2/2025 5:36:28 AM,8/2/2025 8:37:25 AM
C:\Users\patri\Documents\silentstacks\SilentStacksTest-main(1)\SilentStacksTest-main\assets\css\base\design-tokens.css,8/2/2025 5:36:28 AM,8/2/2025 8:37:25 AM
C:\Users\patri\Documents\silentstacks\SilentStacksTest-main(1)\SilentStacksTest-main\assets\css\base\reset.css,8/2/2025 5:36:28 AM,8/2/2025 8:37:25 AM
C:\Users\patri\Documents\silentstacks\SilentStacksTest-main(1)\SilentStacksTest-main\assets\css\base\typography.css,8/2/2025 5:36:28 AM,8/2/2025 8:37:25 AM
C:\Users\patri\Documents\silentstacks\SilentStacksTest-main(1)\SilentStacksTest-main\assets\css\layout\grid.css,8/2/2025 5:36:28 AM,8/2/2025 8:37:25 AM
C:\Users\patri\Documents\silentstacks\SilentStacksTest-main(1)\SilentStacksTest-main\assets\css\layout\navigation.css,8/2/2025 5:36:28 AM,8/2/2025 8:37:25 AM
C:\Users\patri\Documents\silentstacks\SilentStacksTest-main(1)\SilentStacksTest-main\assets\css\layout\responsive.css,8/2/2025 5:36:28 AM,8/2/2025 8:37:25 AM
C:\Users\patri\Documents\silentstacks\SilentStacksTest-main(1)\SilentStacksTest-main\assets\css\themes\dark-theme.css,8/2/2025 5:36:28 AM,8/2/2025 8:37:25 AM
C:\Users\patri\Documents\silentstacks\SilentStacksTest-main(1)\SilentStacksTest-main\assets\css\themes\high-contrast-theme.css,8/2/2025 5:36:28 AM,8/2/2025 8:37:25 AM
C:\Users\patri\Documents\silentstacks\SilentStacksTest-main(1)\SilentStacksTest-main\assets\css\themes\light-theme.css,8/2/2025 5:36:28 AM,8/2/2025 8:37:25 AM
C:\Users\patri\Documents\silentstacks\SilentStacksTest-main(1)\SilentStacksTest-main\assets\css\utilities\accessibility.css,8/2/2025 5:36:28 AM,8/2/2025 8:37:25 AM
C:\Users\patri\Documents\silentstacks\SilentStacksTest-main(1)\SilentStacksTest-main\assets\css\utilities\print.css,8/2/2025 5:36:28 AM,8/2/2025 8:37:25 AM
C:\Users\patri\Documents\silentstacks\SilentStacksTest-main(1)\SilentStacksTest-main\assets\js\app.js,8/2/2025 5:36:28 AM,8/2/2025 8:37:25 AM
C:\Users\patri\Documents\silentstacks\SilentStacksTest-main(1)\SilentStacksTest-main\assets\js\offline-manager.js,8/2/2025 5:36:28 AM,8/2/2025 8:37:25 AM
C:\Users\patri\Documents\silentstacks\SilentStacksTest-main(1)\SilentStacksTest-main\assets\js\modules\api-integration.js,8/2/2025 5:36:28 AM,8/2/2025 8:37:25 AM
C:\Users\patri\Documents\silentstacks\SilentStacksTest-main(1)\SilentStacksTest-main\assets\js\modules\bulk-operations.js,8/2/2025 5:36:28 AM,8/2/2025 8:37:25 AM
C:\Users\patri\Documents\silentstacks\SilentStacksTest-main(1)\SilentStacksTest-main\assets\js\modules\medical-features.js,8/2/2025 5:36:28 AM,8/2/2025 8:37:25 AM
C:\Users\patri\Documents\silentstacks\SilentStacksTest-main(1)\SilentStacksTest-main\assets\js\modules\request-manager.js,8/2/2025 5:36:28 AM,8/2/2025 8:37:25 AM
C:\Users\patri\Documents\silentstacks\SilentStacksTest-main(1)\SilentStacksTest-main\assets\js\modules\search-filter.js,8/2/2025 5:36:28 AM,8/2/2025 8:37:25 AM
C:\Users\patri\Documents\silentstacks\SilentStacksTest-main(1)\SilentStacksTest-main\assets\js\modules\theme-manager.js,8/2/2025 5:36:28 AM,8/2/2025 8:37:25 AM
C:\Users\patri\Documents\silentstacks\SilentStacksTest-main(1)\SilentStacksTest-main\assets\js\modules\ui-controller.js,8/2/2025 5:36:28 AM,8/2/2025 8:37:25 AM
C:\Users\patri\Desktop\SilentStacksHistory\index_fixed.html,8/4/2025 5:58:27 PM,8/4/2025 5:58:27 PM
C:\Users\patri\Desktop\SilentStacksHistory\index_fixed2.html,8/4/2025 6:01:38 PM,8/4/2025 6:01:38 PM
C:\Users\patri\Desktop\SilentStacksHistory\index_fixed3.html,8/4/2025 6:09:13 PM,8/4/2025 6:09:13 PM
C:\Users\patri\Desktop\SilentStacksHistory\complete-index-html.html,8/5/2025 4:30:36 PM,8/5/2025 4:30:36 PM
C:\Users\patri\Desktop\SilentStacksHistory\SilentStacks-main\SilentStacks-main\Developer-Documentation.html,8/29/2025 10:28:50 AM,8/10/2025 2:05:59 AM
C:\Users\patri\Desktop\SilentStacksHistory\SilentStacks-main\SilentStacks-main\LICENSE,8/29/2025 10:28:50 AM,8/10/2025 2:05:59 AM
C:\Users\patri\Desktop\SilentStacksHistory\SilentStacks-main\SilentStacks-main\LICENSE.txt,8/29/2025 10:28:50 AM,8/10/2025 2:05:59 AM
C:\Users\patri\Desktop\SilentStacksHistory\SilentStacks-main\SilentStacks-main\README.md,8/29/2025 10:28:50 AM,8/10/2025 2:05:59 AM
C:\Users\patri\Desktop\SilentStacksHistory\SilentStacks-main\SilentStacks-main\_config.yml,8/29/2025 10:28:50 AM,8/10/2025 2:05:59 AM
C:\Users\patri\Desktop\SilentStacksHistory\SilentStacks-main\SilentStacks-main\assets\css\style.css,8/29/2025 10:28:50 AM,8/10/2025 2:06:00 AM
C:\Users\patri\Desktop\SilentStacksHistory\SilentStacks-main\SilentStacks-main\assets\css\base\design-tokens.css,8/29/2025 10:28:50 AM,8/10/2025 2:06:00 AM
C:\Users\patri\Desktop\SilentStacksHistory\SilentStacks-main\SilentStacks-main\assets\css\base\reset.css,8/29/2025 10:28:50 AM,8/10/2025 2:06:00 AM
C:\Users\patri\Desktop\SilentStacksHistory\SilentStacks-main\SilentStacks-main\assets\css\base\typography.css,8/29/2025 10:28:50 AM,8/10/2025 2:06:00 AM
C:\Users\patri\Desktop\SilentStacksHistory\SilentStacks-main\SilentStacks-main\assets\css\components\buttons.css,8/29/2025 10:28:50 AM,8/10/2025 2:06:00 AM
C:\Users\patri\Desktop\SilentStacksHistory\SilentStacks-main\SilentStacks-main\assets\css\components\cards.css,8/29/2025 10:28:50 AM,8/10/2025 2:06:00 AM
C:\Users\patri\Desktop\SilentStacksHistory\SilentStacks-main\SilentStacks-main\assets\css\components\forms.css,8/29/2025 10:28:50 AM,8/10/2025 2:06:00 AM
C:\Users\patri\Desktop\SilentStacksHistory\SilentStacks-main\SilentStacks-main\assets\css\components\progress.css,8/29/2025 10:28:50 AM,8/10/2025 2:06:00 AM
C:\Users\patri\Desktop\SilentStacksHistory\SilentStacks-main\SilentStacks-main\assets\css\components\tables.css,8/29/2025 10:28:50 AM,8/10/2025 2:06:00 AM
C:\Users\patri\Desktop\SilentStacksHistory\SilentStacks-main\SilentStacks-main\assets\css\layout\grid.css,8/29/2025 10:28:50 AM,8/10/2025 2:06:00 AM
C:\Users\patri\Desktop\SilentStacksHistory\SilentStacks-main\SilentStacks-main\assets\css\layout\navigation.css,8/29/2025 10:28:50 AM,8/10/2025 2:06:00 AM
C:\Users\patri\Desktop\SilentStacksHistory\SilentStacks-main\SilentStacks-main\assets\css\layout\responsive.css,8/29/2025 10:28:50 AM,8/10/2025 2:06:00 AM
C:\Users\patri\Desktop\SilentStacksHistory\SilentStacks-main\SilentStacks-main\assets\css\themes\dark-theme.css,8/29/2025 10:28:50 AM,8/10/2025 2:06:01 AM
C:\Users\patri\Desktop\SilentStacksHistory\SilentStacks-main\SilentStacks-main\assets\css\themes\high-contrast-theme.css,8/29/2025 10:28:50 AM,8/10/2025 2:06:01 AM
C:\Users\patri\Desktop\SilentStacksHistory\SilentStacks-main\SilentStacks-main\assets\css\themes\light-theme.css,8/29/2025 10:28:50 AM,8/10/2025 2:06:01 AM
C:\Users\patri\Desktop\SilentStacksHistory\SilentStacks-main\SilentStacks-main\assets\css\utilities\accessibility.css,8/29/2025 10:28:50 AM,8/10/2025 2:06:01 AM
C:\Users\patri\Desktop\SilentStacksHistory\SilentStacks-main\SilentStacks-main\assets\css\utilities\print.css,8/29/2025 10:28:50 AM,8/10/2025 2:06:01 AM
C:\Users\patri\Desktop\SilentStacksHistory\SilentStacks-main\SilentStacks-main\assets\fonts\RedditSans-Italic-VariableFont_wght.ttf,8/29/2025 10:28:50 AM,8/10/2025 2:06:01 AM
C:\Users\patri\Desktop\SilentStacksHistory\SilentStacks-main\SilentStacks-main\assets\fonts\RedditSans-VariableFont_wght.ttf,8/29/2025 10:28:50 AM,8/10/2025 2:06:01 AM
C:\Users\patri\Desktop\SilentStacksHistory\SilentStacks-main\SilentStacks-main\assets\fonts\t,8/29/2025 10:28:51 AM,8/10/2025 2:06:01 AM
C:\Users\patri\Desktop\SilentStacksHistory\SilentStacks-main\SilentStacks-main\assets\icons\accessible.svg,8/29/2025 10:28:51 AM,8/10/2025 2:06:01 AM
C:\Users\patri\Desktop\SilentStacksHistory\SilentStacks-main\SilentStacks-main\assets\icons\alert-triangle.svg,8/29/2025 10:28:51 AM,8/10/2025 2:06:01 AM
C:\Users\patri\Desktop\SilentStacksHistory\SilentStacks-main\SilentStacks-main\assets\icons\backspace.svg,8/29/2025 10:28:51 AM,8/10/2025 2:06:01 AM
C:\Users\patri\Desktop\SilentStacksHistory\SilentStacks-main\SilentStacks-main\assets\icons\circle-plus.svg,8/29/2025 10:28:51 AM,8/10/2025 2:06:01 AM
C:\Users\patri\Desktop\SilentStacksHistory\SilentStacks-main\SilentStacks-main\assets\icons\circle.svg,8/29/2025 10:28:51 AM,8/10/2025 2:06:01 AM
C:\Users\patri\Desktop\SilentStacksHistory\SilentStacks-main\SilentStacks-main\assets\icons\cloud-upload.svg,8/29/2025 10:28:51 AM,8/10/2025 2:06:01 AM
C:\Users\patri\Desktop\SilentStacksHistory\SilentStacks-main\SilentStacks-main\assets\icons\edit.svg,8/29/2025 10:28:51 AM,8/10/2025 2:06:02 AM
C:\Users\patri\Desktop\SilentStacksHistory\SilentStacks-main\SilentStacks-main\assets\icons\eraser.svg,8/29/2025 10:28:51 AM,8/10/2025 2:06:02 AM
C:\Users\patri\Desktop\SilentStacksHistory\SilentStacks-main\SilentStacks-main\assets\icons\file-export.svg,8/29/2025 10:28:51 AM,8/10/2025 2:06:02 AM
C:\Users\patri\Desktop\SilentStacksHistory\SilentStacks-main\SilentStacks-main\assets\icons\file-import.svg,8/29/2025 10:28:51 AM,8/10/2025 2:06:02 AM
C:\Users\patri\Desktop\SilentStacksHistory\SilentStacks-main\SilentStacks-main\assets\icons\help.svg,8/29/2025 10:28:51 AM,8/10/2025 2:06:02 AM
C:\Users\patri\Desktop\SilentStacksHistory\SilentStacks-main\SilentStacks-main\assets\icons\printer.svg,8/29/2025 10:28:51 AM,8/10/2025 2:06:02 AM
C:\Users\patri\Desktop\SilentStacksHistory\SilentStacks-main\SilentStacks-main\assets\icons\search.svg,8/29/2025 10:28:51 AM,8/10/2025 2:06:02 AM
C:\Users\patri\Desktop\SilentStacksHistory\SilentStacks-main\SilentStacks-main\assets\icons\settings.svg,8/29/2025 10:28:51 AM,8/10/2025 2:06:02 AM
C:\Users\patri\Desktop\SilentStacksHistory\SilentStacks-main\SilentStacks-main\assets\icons\sprite.svg,8/29/2025 10:28:51 AM,8/10/2025 2:06:02 AM
C:\Users\patri\Desktop\SilentStacksHistory\SilentStacks-main\SilentStacks-main\assets\icons\t,8/29/2025 10:28:51 AM,8/10/2025 2:06:02 AM
C:\Users\patri\Desktop\SilentStacksHistory\SilentStacks-main\SilentStacks-main\assets\icons\table.svg,8/29/2025 10:28:51 AM,8/10/2025 2:06:02 AM
C:\Users\patri\Desktop\SilentStacksHistory\SilentStacks-main\SilentStacks-main\assets\icons\tags.svg,8/29/2025 10:28:51 AM,8/10/2025 2:06:03 AM
C:\Users\patri\Desktop\SilentStacksHistory\SilentStacks-main\SilentStacks-main\assets\icons\toggle-left.svg,8/29/2025 10:28:51 AM,8/10/2025 2:06:03 AM
C:\Users\patri\Desktop\SilentStacksHistory\SilentStacks-main\SilentStacks-main\assets\icons\toggle-right.svg,8/29/2025 10:28:51 AM,8/10/2025 2:06:03 AM
C:\Users\patri\Desktop\SilentStacksHistory\SilentStacks-main\SilentStacks-main\assets\icons\trash.svg,8/29/2025 10:28:51 AM,8/10/2025 2:06:03 AM
C:\Users\patri\Desktop\SilentStacksHistory\SilentStacks-main\SilentStacks-main\assets\js\app.js,8/29/2025 10:28:51 AM,8/10/2025 2:06:03 AM
C:\Users\patri\Desktop\SilentStacksHistory\SilentStacks-main\SilentStacks-main\assets\js\offline-manager.js,8/29/2025 10:28:51 AM,8/10/2025 2:06:03 AM
C:\Users\patri\Desktop\SilentStacksHistory\SilentStacks-main\SilentStacks-main\assets\js\lib\fuse.min.js,8/29/2025 10:28:51 AM,8/10/2025 2:06:03 AM
C:\Users\patri\Desktop\SilentStacksHistory\SilentStacks-main\SilentStacks-main\assets\js\lib\papaparse.min.js,8/29/2025 10:28:51 AM,8/10/2025 2:06:03 AM
C:\Users\patri\Desktop\SilentStacksHistory\SilentStacks-main\SilentStacks-main\documentation\changelog.md,8/29/2025 10:28:51 AM,8/10/2025 2:06:04 AM
C:\Users\patri\Desktop\SilentStacksHistory\SilentStacks-main\SilentStacks-main\documentation\DeveloperDocs,8/29/2025 10:28:51 AM,8/10/2025 2:06:03 AM
C:\Users\patri\Desktop\SilentStacksHistory\SilentStacks-main\SilentStacks-main\documentation\Quick Start.html,8/29/2025 10:28:51 AM,8/10/2025 2:06:04 AM
C:\Users\patri\Desktop\SilentStacksHistory\SilentStacks-main\SilentStacks-main\documentation\README.html,8/29/2025 10:28:51 AM,8/10/2025 2:06:04 AM
C:\Users\patri\Desktop\SilentStacksHistory\SilentStacks-main\SilentStacks-main\documentation\TechnicalGuide.md,8/29/2025 10:28:51 AM,8/10/2025 2:06:04 AM
C:\Users\patri\Desktop\SilentStacksHistory\SilentStacks-main\SilentStacks-main\documentation\UserManual.md,8/29/2025 10:28:51 AM,8/10/2025 2:06:04 AM
C:\Users\patri\Desktop\SilentStacksHistory\SilentStacks-main\SilentStacks-main\index.html,8/29/2025 10:28:50 AM,8/10/2025 2:06:04 AM
C:\Users\patri\Desktop\SilentStacksHistory\SilentStacks-main\SilentStacks-main\logo\android-chrome-192x192.png,8/29/2025 10:28:51 AM,8/10/2025 2:06:04 AM
C:\Users\patri\Desktop\SilentStacksHistory\SilentStacks-main\SilentStacks-main\logo\android-chrome-512x512.png,8/29/2025 10:28:51 AM,8/10/2025 2:06:04 AM
C:\Users\patri\Desktop\SilentStacksHistory\SilentStacks-main\SilentStacks-main\logo\apple-touch-icon.png,8/29/2025 10:28:51 AM,8/10/2025 2:06:04 AM
C:\Users\patri\Desktop\SilentStacksHistory\SilentStacks-main\SilentStacks-main\logo\favicon-16x16.png,8/29/2025 10:28:51 AM,8/10/2025 2:06:05 AM
C:\Users\patri\Desktop\SilentStacksHistory\SilentStacks-main\SilentStacks-main\logo\favicon-32x32.png,8/29/2025 10:28:51 AM,8/10/2025 2:06:05 AM
C:\Users\patri\Desktop\SilentStacksHistory\SilentStacks-main\SilentStacks-main\logo\favicon.ico,8/29/2025 10:28:51 AM,8/10/2025 2:06:05 AM
C:\Users\patri\Desktop\SilentStacksHistory\SilentStacks-main\SilentStacks-main\logo\logo.txt,8/29/2025 10:28:51 AM,8/10/2025 2:06:05 AM
C:\Users\patri\Desktop\SilentStacksHistory\SilentStacks-main\SilentStacks-main\logo\silentstacks-logo.svg,8/29/2025 10:28:51 AM,8/10/2025 2:06:05 AM
C:\Users\patri\Desktop\SilentStacksHistory\SilentStacks-main\SilentStacks-main\testdata.csv,8/29/2025 10:28:50 AM,8/10/2025 2:06:05 AM
C:\Users\patri\Desktop\SilentStacksHistory\SilentStacks-main\SilentStacks-main\testdata.txt,8/29/2025 10:28:50 AM,8/10/2025 2:06:05 AM
C:\Users\patri\Desktop\SilentStacksHistory\SilentStacks_v2.5_AAA\CHANGELOG.txt,8/29/2025 10:28:50 AM,8/10/2025 1:47:21 AM
C:\Users\patri\Desktop\SilentStacksHistory\SilentStacks_v2.5_AAA\service-worker.js,8/29/2025 10:28:50 AM,8/10/2025 1:47:21 AM
C:\Users\patri\Desktop\SilentStacksHistory\SilentStacks_v2.5_AAA\SilentStacks_v2.5_AAA.html,8/29/2025 10:28:50 AM,8/10/2025 1:47:21 AM
C:\Users\patri\Desktop\SilentStacksHistory\monolith_fixed.html,8/12/2025 8:37:32 AM,8/12/2025 8:37:34 AM
C:\Users\patri\Desktop\SilentStacksHistory\SilentStacks_v2_monolith_patched.html,8/12/2025 8:12:21 AM,8/12/2025 8:12:22 AM
C:\Users\patri\Desktop\SilentStacksHistory\SilentStacks_v2_monolith_READY.html,8/12/2025 8:17:24 PM,8/12/2025 8:17:25 PM
C:\Users\patri\Desktop\SilentStacksHistory\SilentStacks_v2_monolith_READY_glance.html,8/12/2025 8:19:32 PM,8/12/2025 8:19:39 PM
C:\Users\patri\Desktop\SilentStacksHistory\SilentStacks_v2_monolith_UIPolish_rows.html,8/12/2025 8:37:43 PM,8/12/2025 8:37:46 PM
C:\Users\patri\Desktop\SilentStacksHistory\SilentStacks_v2_monolith_GlanceChips_FIX.html,8/12/2025 8:42:38 PM,8/12/2025 8:42:42 PM
C:\Users\patri\Desktop\SilentStacksHistory\SilentStacks_v2_monolith_GlanceChips_FIX2.html,8/12/2025 8:51:28 PM,8/12/2025 8:51:31 PM
C:\Users\patri\Desktop\SilentStacksHistory\SilentStacks_v2_monolith_GlanceChips_FIX3.html,8/12/2025 8:56:24 PM,8/12/2025 8:56:26 PM
C:\Users\patri\Desktop\SilentStacksHistory\SilentStacks_v2_monolith_CTrobust.html,8/12/2025 8:59:48 PM,8/12/2025 8:59:51 PM
C:\Users\patri\Desktop\SilentStacksHistory\SilentStacks_v2_monolith_CTrobust_SWfix.html,8/12/2025 9:04:40 PM,8/12/2025 9:04:44 PM
C:\Users\patri\Desktop\SilentStacksHistory\SilentStacks_v2_monolith_NCTpipe.html,8/12/2025 9:08:55 PM,8/12/2025 9:08:56 PM
C:\Users\patri\Desktop\SilentStacksHistory\SilentStacks_v2_monolith_CTpmids.html,8/12/2025 9:14:19 PM,8/12/2025 9:14:22 PM
C:\Users\patri\Desktop\SilentStacksHistory\SilentStacks_v2_monolith_CTpmids_FORCE.html,8/12/2025 9:16:35 PM,8/12/2025 9:16:37 PM
C:\Users\patri\Desktop\SilentStacksHistory\SilentStacks_v2_monolith_patched (1).html,8/12/2025 9:16:54 AM,8/12/2025 9:16:55 AM
C:\Users\patri\Desktop\SilentStacksHistory\SilentStacks_v2_monolith_NCTsuggest.html,8/12/2025 9:18:21 PM,8/12/2025 9:18:23 PM
C:\Users\patri\Desktop\SilentStacksHistory\SilentStacks_v2_monolith_CTgovUnified.html,8/12/2025 9:42:47 PM,8/12/2025 9:42:57 PM
C:\Users\patri\Desktop\SilentStacksHistory\service-worker.js,8/12/2025 9:51:37 AM,8/12/2025 9:51:38 AM
C:\Users\patri\Desktop\SilentStacksHistory\service-worker - Copy.js,8/12/2025 8:49:17 PM,8/12/2025 9:51:38 AM
C:\Users\patri\Desktop\SilentStacksHistory\service-worker - Copy - Copy.js,8/12/2025 8:49:56 PM,8/12/2025 9:51:38 AM
C:\Users\patri\Desktop\SilentStacksHistory\SilentStacks_v2_monolith_patched (2).html,8/12/2025 9:56:06 AM,8/12/2025 9:56:08 AM
C:\Users\patri\Desktop\SilentStacksHistory\monolith.html,8/12/2025 7:34:27 AM,8/12/2025 10:22:03 AM
C:\Users\patri\Desktop\SilentStacksHistory\monolith - Copy.html,8/12/2025 8:49:17 PM,8/12/2025 10:22:03 AM
C:\Users\patri\Desktop\SilentStacksHistory\monolith - Copy - Copy.html,8/12/2025 8:49:45 PM,8/12/2025 10:22:03 AM
C:\Users\patri\Desktop\SilentStacksHistory\SilentStacks_v2_monolith_hotpatched.html,8/12/2025 10:21:09 AM,8/12/2025 10:21:10 AM
C:\Users\patri\Desktop\SilentStacksHistory\SilentStacks_v2_monolith_CTgovUnified_COMPAT.html,8/13/2025 5:43:46 AM,8/13/2025 5:43:49 AM
C:\Users\patri\Desktop\SilentStacksHistory\SilentStacks_v2_monolith_CTpersist_UI.html,8/13/2025 5:35:21 AM,8/13/2025 5:35:22 AM
C:\Users\patri\Desktop\SilentStacksHistory\SilentStacks_v2_monolith_UIplus_CTgov.html,8/13/2025 5:49:26 AM,8/13/2025 5:49:27 AM
C:\Users\patri\Desktop\SilentStacksHistory\SilentStacks_v2_monolith_UIplus_CTgov_FIX.html,8/13/2025 5:58:04 AM,8/13/2025 5:58:06 AM
C:\Users\patri\Desktop\SilentStacksHistory\SilentStacks_v2_monolith_UIplus_CTgov_FAILSAFE.html,8/13/2025 6:15:07 AM,8/13/2025 6:15:09 AM
C:\Users\patri\Desktop\SilentStacksHistory\SilentStacks_v2_monolith_UIplus_CTgov_CORSFIX.html,8/13/2025 6:25:56 AM,8/13/2025 6:25:58 AM
C:\Users\patri\Desktop\SilentStacksHistory\SilentStacks_v2_monolith_UIplus_CTgov_STABLE2.html,8/13/2025 6:40:41 AM,8/13/2025 6:40:43 AM
C:\Users\patri\Desktop\SilentStacksHistory\SilentStacks_v2_monolith_UIplus_CTgov_ATOMIC.html,8/13/2025 6:49:06 AM,8/13/2025 6:49:13 AM
C:\Users\patri\Desktop\SilentStacksHistory\SilentStacks_v2_monolith_UIplus_CTgov_ATOMIC_swReg.html,8/13/2025 7:33:34 AM,8/13/2025 7:33:48 AM
C:\Users\patri\Desktop\SilentStacksHistory\SilentStacks_v2_monolith.html,8/13/2025 1:55:01 PM,8/13/2025 1:55:04 PM
C:\Users\patri\Desktop\SilentStacksHistory\SilentStacks_v2_monolith - Copy.html,8/13/2025 2:51:42 PM,8/13/2025 1:55:04 PM
C:\Users\patri\Desktop\SilentStacksHistory\SilentStacks - Copy.html,8/13/2025 2:51:41 PM,8/13/2025 2:20:01 PM
C:\Users\patri\Desktop\SilentStacksHistory\SilentStacks_v2_monolith_CLIENTONLY.html,8/13/2025 2:31:44 PM,8/13/2025 2:31:45 PM
C:\Users\patri\Desktop\SilentStacksHistory\SilentStacks_v2_monolith_CLIENTONLY - Copy.html,8/13/2025 2:51:41 PM,8/13/2025 2:31:45 PM
C:\Users\patri\Desktop\SilentStacksHistory\SilentStacks_v2_monolith_V12SAFE.html,8/13/2025 2:39:02 PM,8/13/2025 2:39:03 PM
C:\Users\patri\Desktop\SilentStacksHistory\SilentStacks_v2_monolith_V12SAFE - Copy.html,8/13/2025 2:51:41 PM,8/13/2025 2:39:03 PM
C:\Users\patri\Desktop\SilentStacksHistory\SilentStacks_v2_monolith_V12SAFE_FIELDSET.html,8/13/2025 2:44:21 PM,8/13/2025 2:44:23 PM
C:\Users\patri\Desktop\SilentStacksHistory\SilentStacks_v2_monolith_V12SAFE_FIELDSET_ES5.html,8/13/2025 2:51:04 PM,8/13/2025 2:51:07 PM
C:\Users\patri\Desktop\SilentStacksHistory\SilentStacks_v2_monolith_V12SAFE_FIELDSET_ES5 - Copy.html,8/13/2025 2:51:41 PM,8/13/2025 2:51:07 PM
C:\Users\patri\Desktop\SilentStacksHistory\SilentStacks (2).html,8/13/2025 2:51:10 PM,8/13/2025 2:51:10 PM
C:\Users\patri\Desktop\SilentStacksHistory\SilentStacks_latest.html,8/13/2025 9:04:09 AM,8/13/2025 9:04:12 AM
C:\Users\patri\Desktop\SilentStacksHistory\SilentStacks_latest_crosslink_P2.html,8/13/2025 10:09:05 AM,8/13/2025 10:09:13 AM
C:\Users\patri\Desktop\SilentStacksHistory\SilentStacks.html,8/13/2025 10:44:53 AM,8/13/2025 10:44:56 AM
C:\Users\patri\Desktop\SilentStacksHistory\SilentStacks_merged_v2.html,8/13/2025 7:26:43 PM,8/13/2025 7:26:45 PM
C:\Users\patri\Desktop\SilentStacksHistory\SilentStacks_v2_monolith_adapter.html,8/13/2025 7:59:48 PM,8/13/2025 7:59:49 PM
C:\Users\patri\Desktop\SilentStacksHistory\ss_v12_adapter.js,8/13/2025 8:02:08 PM,8/13/2025 8:02:09 PM
C:\Users\patri\Desktop\SilentStacksHistory\silentstacks2.html,8/14/2025 12:59:24 PM,8/14/2025 12:59:25 PM
C:\Users\patri\Desktop\SilentStacksHistory\silentstacks2_hooked_fix2.html,8/14/2025 1:23:11 PM,8/14/2025 1:23:15 PM
C:\Users\patri\Desktop\SilentStacksHistory\silentstacks3_optimized.html,8/14/2025 4:46:53 PM,8/14/2025 4:46:55 PM
C:\Users\patri\Desktop\SilentStacksHistory\silentstacks_live_ct_mesh.html,8/14/2025 6:42:46 AM,8/14/2025 6:42:47 AM
C:\Users\patri\Desktop\SilentStacksHistory\silentstacks_live_ct_mesh_v3_strict_nlm.html,8/14/2025 7:17:19 AM,8/14/2025 7:17:22 AM
C:\Users\patri\Desktop\SilentStacksHistory\SilentStacks_v1.2_merged_live.html,8/14/2025 7:31:23 AM,8/14/2025 7:31:24 AM
C:\Users\patri\Desktop\SilentStacksHistory\SilentStacks_v1.2_merged_live (1).html,8/14/2025 7:31:25 AM,8/14/2025 7:31:26 AM
C:\Users\patri\Desktop\SilentStacksHistory\selector-loader.js,8/14/2025 7:14:48 AM,8/14/2025 7:14:50 AM
C:\Users\patri\Desktop\SilentStacksHistory\SilentStacks_v1.2_sidebar_rail_drawer.html,8/14/2025 7:49:11 AM,8/14/2025 7:49:16 AM
C:\Users\patri\Desktop\SilentStacksHistory\SilentStacks_v1.2_sidebar_rail_drawer_NOPILLS.html,8/14/2025 7:53:50 AM,8/14/2025 7:53:53 AM
C:\Users\patri\Desktop\SilentStacksHistory\SilentStacks_v1.2_sidebar_rail_drawer_CTfix.html,8/14/2025 7:58:47 AM,8/14/2025 7:58:50 AM
C:\Users\patri\Desktop\SilentStacksHistory\SilentStacks_v1.2_minimal_tokens.html,8/14/2025 8:21:26 AM,8/14/2025 8:21:29 AM
C:\Users\patri\Desktop\SilentStacksHistory\SilentStacks_v1.2_minimal_tokens_accessible.html,8/14/2025 8:25:59 AM,8/14/2025 8:26:03 AM
C:\Users\patri\Desktop\SilentStacksHistory\SilentStacks_v1.2_minimal_tokens_accessible_ADD_HAMBURGER.html,8/14/2025 8:29:59 AM,8/14/2025 8:30:01 AM
C:\Users\patri\Desktop\SilentStacksHistory\SilentStacks_v1.2_minimal_tokens_accessible_ADD_HAMBURGER_v2.html,8/14/2025 8:34:39 AM,8/14/2025 8:34:41 AM
C:\Users\patri\Desktop\SilentStacksHistory\SilentStacks_v1.2_minimal_tokens_accessible_ADD_HAMBURGER_v2 (1).html,8/14/2025 8:34:40 AM,8/14/2025 8:34:41 AM
C:\Users\patri\Desktop\SilentStacksHistory\SilentStacks_v1.2_minimal_tokens_accessible_SIDEBAR_SUBPAGES.html,8/14/2025 8:38:00 AM,8/14/2025 8:38:41 AM
C:\Users\patri\Desktop\SilentStacksHistory\SilentStacks_AddRequest_UX_Mockup.html,8/14/2025 11:36:10 AM,8/14/2025 11:36:12 AM
C:\Users\patri\Desktop\SilentStacksHistory\SilentStacks_AddRequest_UX_Mockup (1).html,8/14/2025 11:39:18 AM,8/14/2025 11:39:19 AM
C:\Users\patri\Desktop\SilentStacksHistory\SilentStacks_AddRequest_v2_fixed.html,8/14/2025 11:59:23 AM,8/14/2025 11:59:24 AM
C:\Users\patri\Documents\silentstacks\changelog.md,8/15/2025 2:10:28 PM,8/15/2025 5:22:40 PM
C:\Users\patri\Documents\silentstacks\.gitignore,8/15/2025 2:10:28 PM,8/15/2025 5:22:40 PM
C:\Users\patri\Documents\silentstacks\LICENSE,8/15/2025 2:10:28 PM,8/15/2025 5:22:40 PM
C:\Users\patri\Documents\silentstacks\resume2.md,8/15/2025 2:10:28 PM,8/15/2025 5:22:40 PM
C:\Users\patri\Documents\silentstacks\sw.js,8/15/2025 2:10:28 PM,8/15/2025 5:22:40 PM
C:\Users\patri\Documents\silentstacks\archive\monolith.html,8/15/2025 2:10:28 PM,8/15/2025 5:22:40 PM
C:\Users\patri\Documents\silentstacks\archive\offline.html,8/15/2025 2:10:28 PM,8/15/2025 5:22:40 PM
C:\Users\patri\Documents\silentstacks\archive\placeholder,8/15/2025 2:10:28 PM,8/15/2025 5:22:40 PM
C:\Users\patri\Documents\silentstacks\archive\SilentStacksTest-v2.0-flop.zip,8/15/2025 2:10:28 PM,8/15/2025 5:22:40 PM
C:\Users\patri\Documents\silentstacks\archive\assets\base\design-tokens.css,8/15/2025 2:10:28 PM,8/15/2025 5:22:40 PM
C:\Users\patri\Documents\silentstacks\assets\icons\accessible.svg,8/15/2025 2:10:28 PM,8/15/2025 5:22:40 PM
C:\Users\patri\Documents\silentstacks\assets\icons\alert-triangle.svg,8/15/2025 2:10:28 PM,8/15/2025 5:22:40 PM
C:\Users\patri\Documents\silentstacks\assets\icons\backspace.svg,8/15/2025 2:10:28 PM,8/15/2025 5:22:40 PM
C:\Users\patri\Documents\silentstacks\assets\icons\circle-plus.svg,8/15/2025 2:10:28 PM,8/15/2025 5:22:40 PM
C:\Users\patri\Documents\silentstacks\assets\icons\circle.svg,8/15/2025 2:10:28 PM,8/15/2025 5:22:40 PM
C:\Users\patri\Documents\silentstacks\assets\icons\cloud-upload.svg,8/15/2025 2:10:28 PM,8/15/2025 5:22:40 PM
C:\Users\patri\Documents\silentstacks\assets\icons\edit.svg,8/15/2025 2:10:28 PM,8/15/2025 5:22:40 PM
C:\Users\patri\Documents\silentstacks\assets\icons\eraser.svg,8/15/2025 2:10:28 PM,8/15/2025 5:22:40 PM
C:\Users\patri\Documents\silentstacks\assets\icons\file-export.svg,8/15/2025 2:10:28 PM,8/15/2025 5:22:40 PM
C:\Users\patri\Documents\silentstacks\assets\icons\file-import.svg,8/15/2025 2:10:28 PM,8/15/2025 5:22:40 PM
C:\Users\patri\Documents\silentstacks\assets\icons\help.svg,8/15/2025 2:10:28 PM,8/15/2025 5:22:40 PM
C:\Users\patri\Documents\silentstacks\assets\icons\printer.svg,8/15/2025 2:10:28 PM,8/15/2025 5:22:40 PM
C:\Users\patri\Documents\silentstacks\assets\icons\search.svg,8/15/2025 2:10:28 PM,8/15/2025 5:22:40 PM
C:\Users\patri\Documents\silentstacks\assets\icons\settings.svg,8/15/2025 2:10:28 PM,8/15/2025 5:22:40 PM
C:\Users\patri\Documents\silentstacks\assets\icons\sprite.svg,8/15/2025 2:10:28 PM,8/15/2025 5:22:40 PM
C:\Users\patri\Documents\silentstacks\assets\icons\t,8/15/2025 2:10:28 PM,8/15/2025 5:22:40 PM
C:\Users\patri\Documents\silentstacks\assets\icons\table.svg,8/15/2025 2:10:28 PM,8/15/2025 5:22:40 PM
C:\Users\patri\Documents\silentstacks\assets\icons\tags.svg,8/15/2025 2:10:28 PM,8/15/2025 5:22:40 PM
C:\Users\patri\Documents\silentstacks\assets\icons\toggle-left.svg,8/15/2025 2:10:28 PM,8/15/2025 5:22:40 PM
C:\Users\patri\Documents\silentstacks\assets\icons\toggle-right.svg,8/15/2025 2:10:28 PM,8/15/2025 5:22:40 PM
C:\Users\patri\Documents\silentstacks\assets\icons\trash.svg,8/15/2025 2:10:28 PM,8/15/2025 5:22:40 PM
C:\Users\patri\Documents\silentstacks\documentation\agent_safety.md,8/15/2025 2:10:28 PM,8/15/2025 5:22:40 PM
C:\Users\patri\Documents\silentstacks\documentation\Audit 1.md,8/15/2025 2:10:28 PM,8/15/2025 5:22:40 PM
C:\Users\patri\Documents\silentstacks\documentation\file-tree.txt,8/15/2025 2:10:28 PM,8/15/2025 5:22:40 PM
C:\Users\patri\Documents\silentstacks\documentation\resume.txt,8/15/2025 2:10:28 PM,8/15/2025 5:22:40 PM
C:\Users\patri\Documents\silentstacks\documentation\SilentStacks-v1.4-Docs.md,8/15/2025 2:10:28 PM,8/15/2025 5:22:40 PM
C:\Users\patri\Documents\silentstacks\documentation\SilentStacks_Agent_Package.zip,8/15/2025 2:10:28 PM,8/15/2025 5:22:40 PM
C:\Users\patri\Documents\silentstacks\documentation\agent_mode\AGENT_POLICY.md,8/15/2025 2:10:28 PM,8/15/2025 5:22:40 PM
C:\Users\patri\Documents\silentstacks\documentation\agent_mode\CHANGELOG.md,8/15/2025 2:10:28 PM,8/15/2025 5:22:40 PM
C:\Users\patri\Documents\silentstacks\documentation\agent_mode\CHECKS.yml,8/15/2025 2:10:28 PM,8/15/2025 5:22:40 PM
C:\Users\patri\Documents\silentstacks\documentation\agent_mode\DevelopersGuide.md,8/15/2025 2:10:28 PM,8/15/2025 5:22:40 PM
C:\Users\patri\Documents\silentstacks\documentation\agent_mode\GAP_REPORT.md,8/15/2025 2:10:28 PM,8/15/2025 5:22:40 PM
C:\Users\patri\Documents\silentstacks\documentation\agent_mode\INTAKE_TEMPLATE.md,8/15/2025 2:10:28 PM,8/15/2025 5:22:40 PM
C:\Users\patri\Documents\silentstacks\documentation\agent_mode\notes.txt,8/15/2025 2:10:28 PM,8/15/2025 5:22:40 PM
C:\Users\patri\Documents\silentstacks\documentation\agent_mode\PLAYBOOK_v2.0_MASTER.md,8/15/2025 2:10:28 PM,8/15/2025 5:22:40 PM
C:\Users\patri\Documents\silentstacks\documentation\agent_mode\QuickStart.md,8/15/2025 2:10:28 PM,8/15/2025 5:22:40 PM
C:\Users\patri\Documents\silentstacks\documentation\agent_mode\README.md,8/15/2025 2:10:28 PM,8/15/2025 5:22:40 PM
C:\Users\patri\Documents\silentstacks\documentation\agent_mode\RELEASE_NOTES_TEMPLATE.md,8/15/2025 2:10:28 PM,8/15/2025 5:22:40 PM
C:\Users\patri\Documents\silentstacks\documentation\agent_mode\RUN_SUMMARY.stub.json,8/15/2025 2:10:28 PM,8/15/2025 5:22:40 PM
C:\Users\patri\Documents\silentstacks\documentation\agent_mode\selector-loader.js,8/15/2025 2:10:28 PM,8/15/2025 5:22:40 PM
C:\Users\patri\Documents\silentstacks\documentation\agent_mode\selector-map.json,8/15/2025 2:10:28 PM,8/15/2025 5:22:40 PM
C:\Users\patri\Documents\silentstacks\documentation\agent_mode\SILENTSTACKS_SPEC.md,8/15/2025 2:10:28 PM,8/15/2025 5:22:40 PM
C:\Users\patri\Documents\silentstacks\documentation\agent_mode\silentstacks_v14(1).txt,8/15/2025 2:10:28 PM,8/15/2025 5:22:40 PM
C:\Users\patri\Documents\silentstacks\documentation\agent_mode\TechMaintenance.md,8/15/2025 2:10:28 PM,8/15/2025 5:22:40 PM
C:\Users\patri\Documents\silentstacks\documentation\agent_mode\test.html,8/15/2025 2:10:28 PM,8/15/2025 5:22:40 PM
C:\Users\patri\Documents\silentstacks\documentation\agent_mode\scaffold\monolith\assets\js\documentation.js,8/15/2025 2:10:28 PM,8/15/2025 5:22:40 PM
C:\Users\patri\Documents\silentstacks\fonts\main-bold.woff2,8/15/2025 2:10:28 PM,8/15/2025 5:22:40 PM
C:\Users\patri\Documents\silentstacks\fonts\main-regular.woff2,8/15/2025 2:10:28 PM,8/15/2025 5:22:40 PM
C:\Users\patri\Documents\silentstacks\testing\corrected-testing-suite.html,8/15/2025 2:10:28 PM,8/15/2025 5:22:40 PM
C:\Users\patri\Documents\silentstacks\testing\Corrections & Performance Report.md,8/15/2025 2:10:28 PM,8/15/2025 5:22:40 PM
C:\Users\patri\Documents\silentstacks\testing\testing-a1.md,8/15/2025 2:10:28 PM,8/15/2025 5:22:40 PM
C:\Users\patri\Documents\silentstacks\testing\testing-suite.html,8/15/2025 2:10:28 PM,8/15/2025 5:22:40 PM
C:\Users\patri\Documents\silentstacks\index.html,8/15/2025 2:10:28 PM,8/15/2025 5:43:36 PM
C:\Users\patri\Documents\silentstacks\dependencies.min.js,8/15/2025 2:10:28 PM,8/15/2025 6:37:00 PM
C:\Users\patri\Documents\silentstacks\app.min.backup.js,8/15/2025 2:10:28 PM,8/17/2025 5:14:05 PM
C:\Users\patri\Documents\silentstacks\app.min.js,8/16/2025 8:24:29 PM,8/17/2025 5:37:57 PM
C:\Users\patri\Documents\silentstacks\testdata.txt,8/16/2025 8:31:48 PM,8/16/2025 8:32:01 PM
C:\Users\patri\Desktop\SilentStacksHistory\app.test.js,8/18/2025 12:29:28 PM,8/18/2025 12:29:28 PM
C:\Users\patri\Desktop\SilentStacksHistory\app.min.js,8/18/2025 1:52:07 PM,8/18/2025 1:52:07 PM
C:\Users\patri\Desktop\SilentStacksHistory\app.min(1).js,8/18/2025 3:01:11 PM,8/18/2025 3:01:11 PM
C:\Users\patri\Desktop\SilentStacksHistory\app(2).js,8/18/2025 3:18:48 PM,8/18/2025 3:18:49 PM
C:\Users\patri\Desktop\SilentStacksHistory\index(4).html,8/18/2025 3:52:18 PM,8/18/2025 3:52:19 PM
C:\Users\patri\Desktop\SilentStacksHistory\sw.js,8/18/2025 3:52:26 PM,8/18/2025 3:52:26 PM
C:\Users\patri\Desktop\SilentStacksHistory\solidstacks\.gitignore,8/16/2025 11:50:36 PM,8/18/2025 7:31:11 AM
C:\Users\patri\Desktop\SilentStacksHistory\solidstacks\app.min.js.backup,8/16/2025 11:50:36 PM,8/18/2025 7:31:11 AM
C:\Users\patri\Desktop\SilentStacksHistory\solidstacks\LICENSE,8/16/2025 11:50:36 PM,8/18/2025 7:31:11 AM
C:\Users\patri\Desktop\SilentStacksHistory\solidstacks\resume2.md,8/16/2025 11:50:36 PM,8/18/2025 7:31:11 AM
C:\Users\patri\Desktop\SilentStacksHistory\solidstacks\archive\placeholder,8/16/2025 11:50:36 PM,8/18/2025 7:31:11 AM
C:\Users\patri\Desktop\SilentStacksHistory\solidstacks\archive\SilentStacksTest-v2.0-flop,8/16/2025 11:50:36 PM,8/18/2025 7:31:11 AM
C:\Users\patri\Desktop\SilentStacksHistory\solidstacks\archive\assets\base\design-tokens.css,8/16/2025 11:50:36 PM,8/18/2025 7:31:11 AM
C:\Users\patri\Desktop\SilentStacksHistory\solidstacks\assets\icons\accessible.svg,8/16/2025 11:50:36 PM,8/18/2025 7:31:11 AM
C:\Users\patri\Desktop\SilentStacksHistory\solidstacks\assets\icons\alert-triangle.svg,8/16/2025 11:50:36 PM,8/18/2025 7:31:11 AM
C:\Users\patri\Desktop\SilentStacksHistory\solidstacks\assets\icons\backspace.svg,8/16/2025 11:50:36 PM,8/18/2025 7:31:11 AM
C:\Users\patri\Desktop\SilentStacksHistory\solidstacks\assets\icons\circle-plus.svg,8/16/2025 11:50:36 PM,8/18/2025 7:31:11 AM
C:\Users\patri\Desktop\SilentStacksHistory\solidstacks\assets\icons\circle.svg,8/16/2025 11:50:36 PM,8/18/2025 7:31:11 AM
C:\Users\patri\Desktop\SilentStacksHistory\solidstacks\assets\icons\cloud-upload.svg,8/16/2025 11:50:36 PM,8/18/2025 7:31:11 AM
C:\Users\patri\Desktop\SilentStacksHistory\solidstacks\assets\icons\edit.svg,8/16/2025 11:50:36 PM,8/18/2025 7:31:11 AM
C:\Users\patri\Desktop\SilentStacksHistory\solidstacks\assets\icons\eraser.svg,8/16/2025 11:50:36 PM,8/18/2025 7:31:11 AM
C:\Users\patri\Desktop\SilentStacksHistory\solidstacks\assets\icons\file-export.svg,8/16/2025 11:50:36 PM,8/18/2025 7:31:11 AM
C:\Users\patri\Desktop\SilentStacksHistory\solidstacks\assets\icons\file-import.svg,8/16/2025 11:50:36 PM,8/18/2025 7:31:11 AM
C:\Users\patri\Desktop\SilentStacksHistory\solidstacks\assets\icons\help.svg,8/16/2025 11:50:36 PM,8/18/2025 7:31:11 AM
C:\Users\patri\Desktop\SilentStacksHistory\solidstacks\assets\icons\printer.svg,8/16/2025 11:50:36 PM,8/18/2025 7:31:11 AM
C:\Users\patri\Desktop\SilentStacksHistory\solidstacks\assets\icons\search.svg,8/16/2025 11:50:36 PM,8/18/2025 7:31:11 AM
C:\Users\patri\Desktop\SilentStacksHistory\solidstacks\assets\icons\settings.svg,8/16/2025 11:50:36 PM,8/18/2025 7:31:11 AM
C:\Users\patri\Desktop\SilentStacksHistory\solidstacks\assets\icons\sprite.svg,8/16/2025 11:50:36 PM,8/18/2025 7:31:11 AM
C:\Users\patri\Desktop\SilentStacksHistory\solidstacks\assets\icons\t,8/16/2025 11:50:36 PM,8/18/2025 7:31:11 AM
C:\Users\patri\Desktop\SilentStacksHistory\solidstacks\assets\icons\table.svg,8/16/2025 11:50:36 PM,8/18/2025 7:31:11 AM
C:\Users\patri\Desktop\SilentStacksHistory\solidstacks\assets\icons\tags.svg,8/16/2025 11:50:36 PM,8/18/2025 7:31:11 AM
C:\Users\patri\Desktop\SilentStacksHistory\solidstacks\assets\icons\toggle-left.svg,8/16/2025 11:50:36 PM,8/18/2025 7:31:11 AM
C:\Users\patri\Desktop\SilentStacksHistory\solidstacks\assets\icons\toggle-right.svg,8/16/2025 11:50:36 PM,8/18/2025 7:31:11 AM
C:\Users\patri\Desktop\SilentStacksHistory\solidstacks\assets\icons\trash.svg,8/16/2025 11:50:36 PM,8/18/2025 7:31:11 AM
C:\Users\patri\Desktop\SilentStacksHistory\solidstacks\documentation\agent_safety.md,8/16/2025 11:50:36 PM,8/18/2025 7:31:11 AM
C:\Users\patri\Desktop\SilentStacksHistory\solidstacks\documentation\clientsidefunctionality.md,8/16/2025 11:50:36 PM,8/18/2025 7:31:11 AM
C:\Users\patri\Desktop\SilentStacksHistory\solidstacks\documentation\DeficencyReport1.md,8/16/2025 11:50:36 PM,8/18/2025 7:31:11 AM
C:\Users\patri\Desktop\SilentStacksHistory\solidstacks\documentation\executivesummary.md,8/16/2025 11:50:36 PM,8/18/2025 7:31:11 AM
C:\Users\patri\Desktop\SilentStacksHistory\solidstacks\documentation\FeatureList.md,8/16/2025 11:50:36 PM,8/18/2025 7:31:11 AM
C:\Users\patri\Desktop\SilentStacksHistory\solidstacks\documentation\ILL Analysis md,8/16/2025 11:50:36 PM,8/18/2025 7:31:11 AM
C:\Users\patri\Desktop\SilentStacksHistory\solidstacks\documentation\Lazyload.md,8/16/2025 11:50:36 PM,8/18/2025 7:31:11 AM
C:\Users\patri\Desktop\SilentStacksHistory\solidstacks\documentation\SecurityAnalysisV1.md,8/16/2025 11:50:36 PM,8/18/2025 7:31:11 AM
C:\Users\patri\Desktop\SilentStacksHistory\solidstacks\documentation\SilentStacks v2.0 - Developer Guide.md,8/16/2025 11:50:36 PM,8/18/2025 7:31:11 AM
C:\Users\patri\Desktop\SilentStacksHistory\solidstacks\documentation\TechnicalGuide.md,8/16/2025 11:50:36 PM,8/18/2025 7:31:11 AM
C:\Users\patri\Desktop\SilentStacksHistory\solidstacks\documentation\updates.md,8/16/2025 11:50:36 PM,8/18/2025 7:31:11 AM
C:\Users\patri\Desktop\SilentStacksHistory\solidstacks\documentation\UserGuide.md,8/16/2025 11:50:36 PM,8/18/2025 7:31:11 AM
C:\Users\patri\Desktop\SilentStacksHistory\solidstacks\documentation\websecuritysummary.md,8/16/2025 11:50:36 PM,8/18/2025 7:31:11 AM
C:\Users\patri\Desktop\SilentStacksHistory\solidstacks\documentation\agent_mode\AGENT_POLICY.md,8/16/2025 11:50:36 PM,8/18/2025 7:31:11 AM
C:\Users\patri\Desktop\SilentStacksHistory\solidstacks\documentation\agent_mode\CHANGELOG.md,8/16/2025 11:50:36 PM,8/18/2025 7:31:11 AM
C:\Users\patri\Desktop\SilentStacksHistory\solidstacks\documentation\agent_mode\CHECKS.yml,8/16/2025 11:50:36 PM,8/18/2025 7:31:11 AM
C:\Users\patri\Desktop\SilentStacksHistory\solidstacks\documentation\agent_mode\DevelopersGuide.md,8/16/2025 11:50:36 PM,8/18/2025 7:31:11 AM
C:\Users\patri\Desktop\SilentStacksHistory\solidstacks\documentation\agent_mode\GAP_REPORT.md,8/16/2025 11:50:36 PM,8/18/2025 7:31:11 AM
C:\Users\patri\Desktop\SilentStacksHistory\solidstacks\documentation\agent_mode\INTAKE_TEMPLATE.md,8/16/2025 11:50:36 PM,8/18/2025 7:31:11 AM
C:\Users\patri\Desktop\SilentStacksHistory\solidstacks\documentation\agent_mode\notes.txt,8/16/2025 11:50:36 PM,8/18/2025 7:31:11 AM
C:\Users\patri\Desktop\SilentStacksHistory\solidstacks\documentation\agent_mode\PLAYBOOK_v2.0_MASTER.md,8/16/2025 11:50:36 PM,8/18/2025 7:31:11 AM
C:\Users\patri\Desktop\SilentStacksHistory\solidstacks\documentation\agent_mode\QuickStart.md,8/16/2025 11:50:36 PM,8/18/2025 7:31:11 AM
C:\Users\patri\Desktop\SilentStacksHistory\solidstacks\documentation\agent_mode\README.md,8/16/2025 11:50:36 PM,8/18/2025 7:31:11 AM
C:\Users\patri\Desktop\SilentStacksHistory\solidstacks\documentation\agent_mode\RELEASE_NOTES_TEMPLATE.md,8/16/2025 11:50:36 PM,8/18/2025 7:31:11 AM
C:\Users\patri\Desktop\SilentStacksHistory\solidstacks\documentation\agent_mode\RUN_SUMMARY.stub.json,8/16/2025 11:50:36 PM,8/18/2025 7:31:11 AM
C:\Users\patri\Desktop\SilentStacksHistory\solidstacks\documentation\agent_mode\selector-loader.js,8/16/2025 11:50:36 PM,8/18/2025 7:31:11 AM
C:\Users\patri\Desktop\SilentStacksHistory\solidstacks\documentation\agent_mode\selector-map.json,8/16/2025 11:50:36 PM,8/18/2025 7:31:11 AM
C:\Users\patri\Desktop\SilentStacksHistory\solidstacks\documentation\agent_mode\SILENTSTACKS_SPEC.md,8/16/2025 11:50:36 PM,8/18/2025 7:31:11 AM
C:\Users\patri\Desktop\SilentStacksHistory\solidstacks\documentation\agent_mode\silentstacks_v14(1).txt,8/16/2025 11:50:36 PM,8/18/2025 7:31:11 AM
C:\Users\patri\Desktop\SilentStacksHistory\solidstacks\documentation\agent_mode\TechMaintenance.md,8/16/2025 11:50:36 PM,8/18/2025 7:31:11 AM
C:\Users\patri\Desktop\SilentStacksHistory\solidstacks\documentation\agent_mode\test.html,8/16/2025 11:50:36 PM,8/18/2025 7:31:11 AM
C:\Users\patri\Desktop\SilentStacksHistory\solidstacks\documentation\agent_mode\scaffold\monolith\assets\js\documentation.js,8/16/2025 11:50:36 PM,8/18/2025 7:31:11 AM
C:\Users\patri\Desktop\SilentStacksHistory\solidstacks\testing\AppPerformanceTest-1.md,8/16/2025 11:50:36 PM,8/18/2025 7:31:11 AM
C:\Users\patri\Desktop\SilentStacksHistory\index_clean_embedded.html,8/18/2025 8:30:03 AM,8/18/2025 8:30:04 AM
C:\Users\patri\Desktop\SilentStacksHistory\SilentStacks_single.html,8/18/2025 8:32:03 AM,8/18/2025 8:32:04 AM
C:\Users\patri\Desktop\SilentStacksHistory\app.min(2).js,8/19/2025 6:14:49 AM,8/19/2025 6:14:49 AM
C:\Users\patri\Desktop\SilentStacksHistory\test.html,8/19/2025 7:37:31 AM,8/19/2025 7:37:31 AM
C:\Users\patri\Desktop\SilentStacksHistory\test(1).html,8/19/2025 7:45:39 AM,8/19/2025 7:45:39 AM
C:\Users\patri\Desktop\SilentStacksHistory\test(2).html,8/19/2025 7:47:53 AM,8/19/2025 7:47:53 AM
C:\Users\patri\Desktop\SilentStacksHistory\app.min(3).js,8/19/2025 8:00:38 AM,8/19/2025 8:00:38 AM
C:\Users\patri\Desktop\SilentStacksHistory\app_updated.min.js,8/19/2025 8:03:43 AM,8/19/2025 8:03:44 AM
C:\Users\patri\Desktop\SilentStacksHistory\index_updated.html,8/19/2025 8:03:42 AM,8/19/2025 8:03:42 AM
C:\Users\patri\Desktop\SilentStacksHistory\service-worker_updated.js,8/19/2025 8:04:25 AM,8/19/2025 8:04:25 AM
C:\Users\patri\Desktop\SilentStacksHistory\app_clean.min.js,8/19/2025 8:12:22 AM,8/19/2025 8:12:22 AM
C:\Users\patri\Desktop\SilentStacksHistory\index_clean.html,8/19/2025 8:12:19 AM,8/19/2025 8:12:19 AM
C:\Users\patri\Desktop\SilentStacksHistory\service-worker_clean.js,8/19/2025 8:19:59 AM,8/19/2025 8:19:59 AM
C:\Users\patri\Desktop\SilentStacksHistory\index_nctless.html,8/19/2025 8:19:52 AM,8/19/2025 8:19:53 AM
C:\Users\patri\Desktop\SilentStacksHistory\app_nctless.min.js,8/19/2025 8:19:56 AM,8/19/2025 8:19:56 AM
C:\Users\patri\Desktop\SilentStacksHistory\app.min.unified.js,8/19/2025 5:34:38 AM,8/19/2025 5:34:40 AM
C:\Users\patri\Desktop\SilentStacksHistory\solidstacks\app.min.js,8/20/2025 10:37:02 AM,8/20/2025 6:38:02 AM
C:\Users\patri\Desktop\SilentStacksHistory\solidstacks\dependencies.min.js,8/20/2025 10:37:02 AM,8/20/2025 6:38:02 AM
C:\Users\patri\Desktop\SilentStacksHistory\solidstacks\index.html,8/20/2025 10:37:02 AM,8/20/2025 6:38:02 AM
C:\Users\patri\Desktop\SilentStacksHistory\solidstacks\sw.js,8/20/2025 10:37:02 AM,8/20/2025 6:38:02 AM
C:\Users\patri\Desktop\SilentStacksHistory\solidstacks\fonts\main-bold.woff2,8/16/2025 11:50:36 PM,8/20/2025 6:38:06 AM
C:\Users\patri\Desktop\SilentStacksHistory\solidstacks\fonts\main-regular.woff2,8/16/2025 11:50:36 PM,8/20/2025 6:38:06 AM
C:\Users\patri\Desktop\SilentStacksHistory\SilentStacks_v2.1_PATCHED\docs\ALL_DOCS_CONSOLIDATED.md,8/21/2025 11:58:40 PM,8/21/2025 8:05:11 PM
C:\Users\patri\Desktop\SilentStacksHistory\SilentStacks_v2.1_PATCHED\docs\Conference_Report_v2.1.md,8/21/2025 11:58:40 PM,8/21/2025 8:05:11 PM
C:\Users\patri\Desktop\SilentStacksHistory\SilentStacks_v2.1_PATCHED\docs\P0_Packaging_and_Stability_Suite_v2.1.md,8/21/2025 11:58:40 PM,8/21/2025 8:05:11 PM
C:\Users\patri\Desktop\SilentStacksHistory\SilentStacks_v2.1_PATCHED\docs\Run_Card_v2.1.md,8/21/2025 11:58:40 PM,8/21/2025 8:05:11 PM
C:\Users\patri\Desktop\SilentStacksHistory\SilentStacks_v2.1_PATCHED\docs\Spin_Up_Procedure.md,8/21/2025 11:58:40 PM,8/21/2025 8:05:11 PM
C:\Users\patri\Desktop\SilentStacksHistory\SilentStacks_v2.1_PATCHED\docs\modeling\Playbook_v2.1.md,8/21/2025 11:58:40 PM,8/21/2025 8:05:11 PM
C:\Users\patri\Desktop\SilentStacksHistory\SilentStacks_v2.1_PATCHED\__audit__\audit_listing.csv,8/21/2025 11:58:42 PM,8/21/2025 8:05:11 PM
C:\Users\patri\Desktop\SilentStacksHistory\SilentStacks_v2.1_PATCHED\MANIFEST.json,8/21/2025 11:58:40 PM,8/21/2025 8:05:11 PM
C:\Users\patri\Desktop\SilentStacksHistory\SilentStacks_v2.1_PATCHED\RESUME.json,8/21/2025 11:58:40 PM,8/21/2025 8:05:11 PM
C:\Users\patri\Desktop\SilentStacksHistory\SilentStacks_v2.1_AUDIT_REPORT.md,8/21/2025 4:54:45 PM,8/21/2025 4:54:46 PM
C:\Users\patri\Desktop\SilentStacksHistory\SilentStacks_v2.1_FULL_PACKAGE (1)\COMPLIANCE_APPENDIX.md,8/22/2025 11:49:08 AM,8/22/2025 8:01:33 AM
C:\Users\patri\Desktop\SilentStacksHistory\SilentStacks_v2.1_FULL_PACKAGE (1)\COMPREHENSIVE_USER_GUIDE_v2.1.md,8/22/2025 11:49:08 AM,8/22/2025 8:01:33 AM
C:\Users\patri\Desktop\SilentStacksHistory\SilentStacks_v2.1_FULL_PACKAGE (1)\Conference_Report_v2.1.md,8/22/2025 11:49:08 AM,8/22/2025 8:01:33 AM
C:\Users\patri\Desktop\SilentStacksHistory\SilentStacks_v2.1_FULL_PACKAGE (1)\DEV_GUIDE_v2.1.md,8/22/2025 11:49:08 AM,8/22/2025 8:01:33 AM
C:\Users\patri\Desktop\SilentStacksHistory\SilentStacks_v2.1_FULL_PACKAGE (1)\EXEC_SUMMARY_v2.1.md,8/22/2025 11:49:08 AM,8/22/2025 8:01:33 AM
C:\Users\patri\Desktop\SilentStacksHistory\SilentStacks_v2.1_FULL_PACKAGE (1)\GAP_REPORT_v2.1.md,8/22/2025 11:49:08 AM,8/22/2025 8:01:33 AM
C:\Users\patri\Desktop\SilentStacksHistory\SilentStacks_v2.1_FULL_PACKAGE (1)\HANDOFF_GUIDE.md,8/22/2025 11:49:08 AM,8/22/2025 8:01:33 AM
C:\Users\patri\Desktop\SilentStacksHistory\SilentStacks_v2.1_FULL_PACKAGE (1)\MANIFEST.json,8/22/2025 11:49:08 AM,8/22/2025 8:01:33 AM
C:\Users\patri\Desktop\SilentStacksHistory\SilentStacks_v2.1_FULL_PACKAGE (1)\Playbook_v2.1.md,8/22/2025 11:49:08 AM,8/22/2025 8:01:33 AM
C:\Users\patri\Desktop\SilentStacksHistory\SilentStacks_v2.1_FULL_PACKAGE (1)\QUICKSTART_v2.1.md,8/22/2025 11:49:08 AM,8/22/2025 8:01:33 AM
C:\Users\patri\Desktop\SilentStacksHistory\SilentStacks_v2.1_FULL_PACKAGE (1)\RESUME.json,8/22/2025 11:49:08 AM,8/22/2025 8:01:33 AM
C:\Users\patri\Desktop\SilentStacksHistory\SilentStacks_v2.1_FULL_PACKAGE (1)\RULES_CHARTER_v2.1.md,8/22/2025 11:49:08 AM,8/22/2025 8:01:33 AM
C:\Users\patri\Desktop\SilentStacksHistory\SilentStacks_v2.1_FULL_PACKAGE (1)\Selector_Map_v2.1.md,8/22/2025 11:49:08 AM,8/22/2025 8:01:33 AM
C:\Users\patri\Desktop\SilentStacksHistory\SilentStacks_v2.1_FULL_PACKAGE (1)\UPKEEP_v2.1.md,8/22/2025 11:49:08 AM,8/22/2025 8:01:33 AM
C:\Users\patri\Desktop\SilentStacksHistory\SilentStacks_v2.1_FULL_PACKAGE (1)\WORST_CASE_SCENARIOS_v2.1.md,8/22/2025 11:49:08 AM,8/22/2025 8:01:33 AM
C:\Users\patri\Desktop\SilentStacksHistory\SilentStacks_v2.1_FULL_PACKAGE (1)\docs\modeling\01_Runtime_Architecture_Model_v2.1.md,8/22/2025 11:49:08 AM,8/22/2025 8:01:33 AM
C:\Users\patri\Desktop\SilentStacksHistory\SilentStacks_v2.1_FULL_PACKAGE (1)\docs\modeling\02_Data_and_Schema_Model_v2.1.md,8/22/2025 11:49:08 AM,8/22/2025 8:01:33 AM
C:\Users\patri\Desktop\SilentStacksHistory\SilentStacks_v2.1_FULL_PACKAGE (1)\docs\modeling\03_Workflows_and_Ops_Model_v2.1.md,8/22/2025 11:49:08 AM,8/22/2025 8:01:33 AM
C:\Users\patri\Desktop\SilentStacksHistory\SilentStacks_v2.1_FULL_PACKAGE (1)\docs\modeling\04_Accessibility_and_Compliance_Model_v2.1.md,8/22/2025 11:49:08 AM,8/22/2025 8:01:33 AM
C:\Users\patri\Desktop\SilentStacksHistory\SilentStacks_v2.1_FULL_PACKAGE (1)\docs\modeling\05_Stability_and_Packaging_Model_v2.1.md,8/22/2025 11:49:08 AM,8/22/2025 8:01:33 AM
C:\Users\patri\Desktop\SilentStacksHistory\SilentStacks_v2.1_FULL_PACKAGE (1)\docs\modeling\README.md,8/22/2025 11:49:08 AM,8/22/2025 8:01:33 AM
C:\Users\patri\Desktop\SilentStacksHistory\SilentStacks_v2.1_FULL_PACKAGE (1)\__audit__\print_audit.csv,8/22/2025 11:49:08 AM,8/22/2025 8:01:33 AM
C:\Users\patri\Desktop\SilentStacksHistory\canonical.md,8/22/2025 5:17:20 PM,8/22/2025 5:17:20 PM
C:\Users\patri\Desktop\SilentStacksHistory\GateAnalysis.md,8/22/2025 5:17:09 PM,8/22/2025 5:17:09 PM
C:\Users\patri\Desktop\SilentStacksHistory\pass-fail.md,8/22/2025 5:17:35 PM,8/22/2025 5:17:35 PM
C:\Users\patri\Desktop\SilentStacksHistory\FailurePoint.md,8/22/2025 5:17:50 PM,8/22/2025 5:17:51 PM
C:\Users\patri\Desktop\SilentStacksHistory\FailureLog.md,8/22/2025 5:17:58 PM,8/22/2025 5:17:58 PM
C:\Users\patri\Desktop\SilentStacksHistory\solidstacks\docs\ops_flowcharts_latex.zip,8/22/2025 6:18:52 PM,8/22/2025 6:18:52 PM
C:\Users\patri\Desktop\SilentStacksHistory\solidstacks\docs\Emergency_Procedures_Docs.md,8/22/2025 6:26:10 PM,8/22/2025 6:26:18 PM
C:\Users\patri\Desktop\SilentStacksHistory\solidstacks\docs\Operational_Stability.md,8/22/2025 6:26:20 PM,8/22/2025 6:26:25 PM
C:\Users\patri\Desktop\SilentStacksHistory\solidstacks\docs\P0_Packaging_and_Stability_Suite_v2.1.md,8/22/2025 6:26:27 PM,8/22/2025 6:26:31 PM
C:\Users\patri\Desktop\SilentStacksHistory\solidstacks\docs\Playbook_v2.1.md,8/22/2025 6:25:45 PM,8/22/2025 6:25:50 PM
C:\Users\patri\Desktop\SilentStacksHistory\solidstacks\docs\Spin_Up_Procedure.md,8/22/2025 6:25:52 PM,8/22/2025 6:25:58 PM
C:\Users\patri\Desktop\SilentStacksHistory\solidstacks\docs\Wind_Down_Procedure.md,8/22/2025 6:26:01 PM,8/22/2025 6:26:05 PM
C:\Users\patri\Documents\silentstacks\SilentStacks_v2.1_FULL_REVIEW.md,8/23/2025 5:45:47 PM,8/23/2025 5:45:49 PM
C:\Users\patri\Documents\silentstacks\documentation\v2 SilentStacks  Project Playbook v2.1.md,8/23/2025 6:14:13 PM,8/23/2025 6:14:14 PM
C:\Users\patri\Documents\silentstacks\SilentStacksTest-main\SilentStacksTest-main\changelog.md,8/23/2025 1:37:06 PM,8/23/2025 4:38:00 PM
C:\Users\patri\Documents\silentstacks\SilentStacksTest-main\SilentStacksTest-main\EXECUTIVE_SUMMARY.md,8/23/2025 1:37:06 PM,8/23/2025 4:38:00 PM
C:\Users\patri\Documents\silentstacks\SilentStacksTest-main\SilentStacksTest-main\index.html,8/23/2025 1:37:06 PM,8/23/2025 4:38:00 PM
C:\Users\patri\Documents\silentstacks\SilentStacksTest-main\SilentStacksTest-main\LICENSE,8/23/2025 1:37:06 PM,8/23/2025 4:38:00 PM
C:\Users\patri\Documents\silentstacks\SilentStacksTest-main\SilentStacksTest-main\README.md,8/23/2025 1:37:06 PM,8/23/2025 4:38:00 PM
C:\Users\patri\Documents\silentstacks\SilentStacksTest-main\SilentStacksTest-main\resume.md,8/23/2025 1:37:06 PM,8/23/2025 4:38:00 PM
C:\Users\patri\Documents\silentstacks\SilentStacksTest-main\SilentStacksTest-main\resume2.md,8/23/2025 1:37:06 PM,8/23/2025 4:38:00 PM
C:\Users\patri\Documents\silentstacks\SilentStacksTest-main\SilentStacksTest-main\sw.js,8/23/2025 1:37:06 PM,8/23/2025 4:38:00 PM
C:\Users\patri\Documents\silentstacks\SilentStacksTest-main\SilentStacksTest-main\app.min.js,8/23/2025 1:37:06 PM,8/23/2025 4:38:00 PM
C:\Users\patri\Documents\silentstacks\SilentStacksTest-main\SilentStacksTest-main\dependencies.min.js,8/23/2025 1:37:06 PM,8/23/2025 4:38:00 PM
[Followed by remaining 700+ entries continuing with the same pattern through to the most recent dates in August 2025...]
